{"lr-AdamW": 1e-05, "trainer/global_step": 2699, "_timestamp": 1712131398.9381192, "_runtime": 5806.162244081497, "_step": 39, "train/loss": 0.4517558217048645, "train/mse": 0.4517558217048645, "train/mae": 0.5155507326126099, "train/r2": 0.5009891986846924, "train/pearson_coef": 0.7116400003433228, "train/spearman_coef": 0.7124839425086975, "epoch": 26, "val/loss": 0.48908138275146484, "val/mse": 0.48908138275146484, "val/mae": 0.5255628228187561, "val/r2": 0.5049664974212646, "val/pearson_coef": 0.7131271362304688, "val/spearman_coef": 0.6791127324104309}