{"lr-AdamW": 1e-05, "trainer/global_step": 3899, "_timestamp": 1712131820.4399092, "_runtime": 7059.7994701862335, "_step": 55, "train/loss": 0.4118051528930664, "train/mse": 0.4118051528930664, "train/mae": 0.48287564516067505, "train/r2": 0.6687051057815552, "train/pearson_coef": 0.8385926485061646, "train/spearman_coef": 0.78216552734375, "epoch": 38, "val/loss": 0.4576948881149292, "val/mse": 0.4576948881149292, "val/mae": 0.5182313323020935, "val/r2": 0.5336957573890686, "val/pearson_coef": 0.7353819608688354, "val/spearman_coef": 0.6834902167320251}