{"lr-AdamW": 1e-05, "trainer/global_step": 8699, "_timestamp": 1712201496.483671, "_runtime": 11232.557564020157, "_step": 347, "train/loss": 0.16165779531002045, "train/mse": 0.16165779531002045, "train/mae": 0.3231841027736664, "train/r2": 0.32554078102111816, "train/pearson_coef": 0.5736813545227051, "train/spearman_coef": 0.5741849541664124, "epoch": 86, "val/loss": 0.14529189467430115, "val/mse": 0.14529189467430115, "val/mae": 0.30319392681121826, "val/r2": 0.3735332489013672, "val/pearson_coef": 0.6163343787193298, "val/spearman_coef": 0.6080461144447327}